descripcion,precio,titulo
"Hermosos Cachorros husky siberiano. Excelente genética.,Precio: 250 verdes.,2meses y medio de nacidos.,Tenemos disponible hembras  y machos.,Realizamos entregas personales en la zona y envíos a nivel Nacional. CCs, Valencia, Maracay, cumana, Pto la Cruz, Barquisimeto, etc.,Pagos por: Zelle, Banesco, Mercantil, Provincial y Venezuela.,Realice todas las preguntas antes de ofertar.,Oferte si esta seguro de su compra.",25,Cachorros Husky Excelente Genética
"Cachorros Pitbull (((150$))) madre y padre a la vista en las últimas fotos. Precio y toda la información en la descripción (Para más información, detalle la,foto 9 de la madre),Se entregan desparasitados ((150$)),Nacieron el 24 de Julio de 2022 (((150$))),NO LE DE COMPRAR SI NO ESTA SEGURO DE SU COMPRA.,MACHOS 6 Disponibles,LISTOS PARA ENTREGAR. Entregas en ccs previo acuerdo.,Toda la información está especificada, realice todas las preguntas que desee antes de ofertar.,NO LE DE COMPRAR SI NO ESTA SEGURO DE SU COMPRA, EVITE SER CALIFICADO DE MANERA NEGATIVA.",20,Cachorros Pitbull
Bella cachorros husky lobo siberiano padres a la vista se entregan con vacuna nacida el 22/6 ref 200,17,Husky Lobo Siberiano
"Bulldog francés EXÓTICOS,Cachorros,Buenos sementales,GEN: Blue Merle, vaquita,Geneticas: cocoa ant tan Blue merle, pied brak brinder solido,De buena estructura y genética,Se entregan vacunados,Desparacitados.,Preguntar antes de OFERTAR",11,Bulldog Frances
"Cachorros Pug 100% puros nacidos el 1 de septiembre, entrego apartir del 1 de octubre desparacitados tengo hembras y machos Carlinos y negros pregunte disponibilidad antes de ofertar",30,Cachorros Pug 100% Puros
"Cachorros Gran Danes Puros vacunados y desparasitados.,Precio: 450 verdes,Realizamos entregas personales y envíos a nivel nacional.",45,Cachorros Gran Danes Puros Vacunados Y Desparasitados
"Contamos con experiencia en la crianza y comercialización de mascotas a nivel nacional e internacional,El cachorro se entrega vacunado y desparasitado con 2 meses de Nacido.,Precio: 120 Verdes.",12,Cachorros Poodle Mini Toys Vacunados Y Desparasitados.
"Hermosos cachorros Golden Retriever. Excelente genética.,Precio: 250 Verdes.,2meses y medio de nacidos.,Vacunados y desparasitados.,Realizamos envíos a nivel nacional asegurados y entregas personales en la zona.,Contamos con: Zelle, Banesco, provincial, mercantil y Venezuela.,Realice las preguntas antes de la compra.,Compre si esta seguro de su compra.",25,Cachorros Golden Retriever Excelente Genética. 250 Verdes
"Cachorros pomerania,Hembra y macho,Mayor inf tumascotave014 por Inst,Cualquier duda pregunté",750,Pomerania Lulu
BellísimA perra salchicha teckel. Hembra de 9 semanas. Ya vacunada y desparasitada. Estamos a la orden. Se entrega con su respectivo certificado de vacunación y dos dosis de vacuna sextuple. En400 .,40,Perros Salchicha Teckel
"Disponibles Cachorros Pitbull Blue Nose,Exelente Genética,Nacidos el 08/08/22,Se entregan Vacunados y Desparasitados al mes y medio,Disponibles 2 Hembras 3 Machos,Pregunté disponibilidad antes de ofertar",350,Cachorros Pit-buoll Blue Nose
"CUCHILLA ANDIS N° 10 PARA USO PROFESIONAL,INFORMAMOS A LOS CLIENTES QUE ANDIS CAMBIÓ SU LOGO por lo que las nuevas hojillas ya estan llegando con la nueva imagen .,LE SIRVE A CUALQUIER MÁQUINA PROFESIONAL,ALTURA DE CORTE 1,5 MM",40,Hojilla N° 10 Andis Peluqueria Canina Profesional
"Bulldog ingles,Color exótico choco Tri,Disponible para montas en la ciudad de Valencia se puede llevar a ciudades cercanas bajo acuerdo con la persona interesada en la monta ya se le práctico estudio al esperma y está en óptimas condiciones al momento de practicar la inseminación el propietario está en su derecho de repetir dicho estudio al semen ya q es súper sencillo y súper económico con su veterinario de confianza,Si quieres darle color a tus camadas esta este ejemplar puede aportar mucho la madre es color lillac y padre choco Tri cómo lo es este ejemplar,Solo se le practicarán inseminación a las hembras no por montas,Se cancela antes de practicar la primera inseminacion se aceptan cambios razonables acordé al precio solo dele a comprar si está 100% seguro de la compra sino no le de a comprar para evitar calificaciones negativas,Su nombre es milsien como referencia para llamarlo y se ponga juguetón y comelón",4,Bulldog Ingles Para Montas
"Anillos Con Forma De Perro Mascota Bulldog Potter Yorkshire,COD *G_1.79,Los accesorios se cuentan entre los mejores amigos de toda mujer, unos que nos acompañan de día, de noche, en el trabajo y la playa. Tal como ocurre con la ropa, los anillo, collares pulceras también van cambiando y, sin duda, esta temporada toda la atención está en las manos y en los aretes que las adornan.,El material es alloy o fantasía. Es de buena calidad. Recuerde que se trata de fantasía hecha con materiales que quizás no tengan la resistencia y durabilidad de un material noble como el oro, la plata, etc.,Este tipo de productos alargarán su vida útil si se les trata con cuidado y se evita el contacto con el agua y otras sustancias fuertes como perfumes, sudores, etc.,***TE INVITAMOS A VISITAR MIS OTROS PRODUCTOS EN VENTA***:,Haz click arriba donde dice: VER MAS PUBLICACIONES DEL VENDEDOR,COMO COMPRAR EN 2 PASOS,1. Realice su compra en MercadoLibre haciendo click en el botón: COMPRAR.,2. Siga los pasos hasta completar el registro de su compra, y automáticamente Ud. recibirá un correo electrónico de MercadoLibre con toda la información necesaria para concretar su compra con nuestra empresa.,****************************************************,HORARIO DE TRABAJO,****************************************************,De Lunes A Viernes,De 9:00am A 3:00pm,NO Laboramos Fines de Semana ni Feriado,Somos TIENDA FÏSICA en la zona de Colinas de Bello Monte (L-V 10am a 3PM),****************************************************,MÉTODOS DE PAGO,****************************************************,* Depósitos o Transferencias o PagoMóvil,- Banesco,- Mercantil,- Provincial,- PayPal,* Punto de venta si retira personalmente,****************************************************,MÉTODOS DE DESPACHO,****************************************************,* Retiro Personalmente en Nuestra Oficina,* Servicio Motorizado (Consute los costos),* Envíos Cobro en Destino a Nivel Nacional DIARIAMENTE por:,- MRW,- Domesa,- Serex,SOLO LOS MIERCOLES por:,- Zoom,****************************************************,TÉRMINOS Y CONDICIONES,****************************************************,- Garantizamos disponibilidad y precio del producto (24) horas desde el momento de su oferta, pasado ese tiempo el producto entrará de nuevo en stock.,- El costo del envío correo por cuenta del COMPRADOR (Ud.) Le indicamos precios referenciales. Para envíos con seguro solo con Grupo Zoom.,- La garantía solo aplica sobre productos que presenten defectos de fabricación, y en ningún caso aplicará contra fallas o daños ocasionados por mal manejo por parte de la empresa de transporte, impericia, modificación, o maltrato del producto adquirido,- La empresa no se hace responsable por extravió, hurto o deterioro de productos despachados por autorización del cliente bajo una línea de transporte determinada. Esto corre por cuenta y riesgo del cliente.,- En caso de declararse procedente la aplicación de la garantía, la empresa se reserva el derecho de: 1)) realizar la entrega de un equipo de igual o similares características para efecto de la garantía; o, 2) realizar la devolución del monto plasmado en la correspondiente oferta,****************************************************,CONDICIONES DE COMPRA,****************************************************,- Revisa las condiciones de compra antes de compra,- El precio publicado es por UNIDAD,- NO OFERTE SI NO ESTA 100% SEGURO - si hace click en el botón ""Comprar"" está adquiriendo un compromiso, cuide su reputación y la nuestra,- La comunicación es vía mensajería de MercadoLibre o por correo electrónico,- Debe enviar los datos de envío detallados para poder hacer el despacho,- Por favor, IMPORTANTE consultar DISPONIBILIDAD y cantidades antes de ofertar,- OFERTAR ES UN COMPROMISO – de lo contrario se califica negativo a los 3 días de realizada la oferta si esta no ha sido concretada,*** Al hacer Click en el botón “Comprar” usted está aceptando ***,*** todas nuestras condiciones de venta arriba descritas. ***,****************************************************,Preguntas Frecuentes,****************************************************,1.- ¿Emiten factura fiscal?,Respuesta: Si, con todas nuestras ventas emitimos factura fiscal.,2.- ¿Los Precios Incluyen I.V.A. (Impuesto al Valor Agregado)?,Respuesta: Si, todos nuestros precios incluyen impuestos de ley.,3.- ¿Cuáles son los métodos de pago?,Respuesta: Nuestros métodos de pago son punto de venta, transferencia, depósit, pagomóvil o PayPal.,4.- ¿Cuál es el precio del producto?,Respuesta: El precio es el publicado.,5.- ¿Dónde se encuentran ubicados?,Respuesta: Estamos ubicados en Caracas, en la zona de Colinas de Bello Monte, para mayor información debe ofertar.,6.- ¿Son tienda física?,Respuesta: Si.,¡¡GRACIAS POR DEPOSITAR SU CONFIANZA EN NOSOTROS!!",2,Anillos Con Forma De Perro Mascota Bulldog Potter Yorkshire
Bulldog ingles exótica color blue merle ref1300 ojos claros vacunada desparasitada de exelente genética y de muy buenos padres disponible en la ciudad de Valencia se puede llevar a otras ciudades bajo acuerdo con el cliente un ejemplar muy muy linda y muy cortica es una preciosura no ofertar si no está seguro de la compra para evitar malas calificaciones estoy a su orden,5,Bulldog Ingles Hembra
"PLAQUITAS LARGE PARA PERROS O GATOS DE METAL IMPORTADAS,SE PUEDE GRABAR POR DELANTE Y DETRAS DE LA MISMA SIN COSTO ADICIONAL,SE ENTREGA CON EL ARO PARA ENGANCHAR EN EL COLLAR DE LA MASCOTA,PRECIO PUBLICADO POR UNA PLAQUITA CON SU RESPECTIVO GRABADO EL QUE INDIQUE EL COMPRADOR,MEDIDAS DE LAS PLAQUITAS,HUELLA 3.5 X 3.5 CMS,HUESITO 4 X 2.5 CMS,CORAZON 4 X 3 CMS,COLORES DISPONIBLES,Plaquita Huella Cobre Large VIPCE-42,Plaquita Huella Azul Large VIPCE-1,Plaquita Huella Dorada Large VIPCE-62,Plaquita Huella Roja Large VIPCE-63,Plaquita Huesito Rosada Large VIPCE-47,Plaquita Huesito Rojo Large  VIPCE-71,Plaquita Huesito Azul Large VIPCE-8,Plaquita Huesito Dorada Large VIPCE-80,Plaquita Huesito Negra Large VIPCE-16,Plaquita Huesito Verde Large  VIPCE-67,Plaquita Huesito Dorada ScandiaLarge VIPCE-82,Plaquita Corazón Rosada Large VIPCE-45,Plaquita Corazón Rojo Large VIPCE-69,Plaquita Corazón Azul Large VIPCE-6,Plaquita Corazón Cobre Large VIPCE-73,Plaquita Corazón Purpura Large VIPCE-22,Plaquita Corazón Negra Large VIPCE-14,TIPO DE LETRAS DISPONIBLES PARA EL GRABADO BOLD, NORMAL, MODERN Y ROMAN",5,Plaquita Identificadora Importada Mascotas Large Metal
"Hermosos beagle tricolor.,Únicamente machos disponibles. Nacieron el 8 de agosto.",25,"Bellos Beagle Tricolor, Machos Disponibles"
"Bulldog francés machos de muy buena genética vacunados acordé a su edad son unas bellezas de cachorros muy juguetones si quieres llenar tu hogar de amor perruno son tu mejor opción nos ubicamos en Valencia hacemos entrega en todo en país bajo acuerdo con el interesado por favor sino está seguro de la compra no dar a comprar hacer todas sus preguntas y con todo gusto aclararemos las dudas los colores disponibles son fotos #,1 blue an tan,2 fanw,5 black an tan,8 blue",10,Bulldog Francés
Pug carlino macho para monta,50,Pug Carlino Macho Para Monta
"PRO PAC ® Ultimates ™ - Fórmula de Cordero y Arroz Integral,PRO PAC Ultimates - Fórmula de Cordero y Arroz Integral. Es Un Nuevo Enfoque Para La Nutrición super premium. Formulado con Ingredientes simples y nutricionales Como (> 20%) cordero, (16%) arroz y integral (> 12%) Frutas y verduras. PRO PAC Ultimates - Fórmula de cordero y arroz integral, Brinda Una Nutrición completa y Una dieta balanceada. Sin colorantes Tiene Salón, saborizantes artificiales ni Conservadores. El color de Varia Naturalmente PRO PAC Ultimates - La fórmula de cordero y arroz integral, cumple con los Niveles nutricionales establecidos por la Asociación de Funcionarios Estadounidenses de Control de Alimentos (AAFCO, Por Sus siglas en español). Perfil de NUTRIENTES de alimento para perros para TODAS LAS Etapas de la Vida.,INGREDIENTES:,Harina de Cordero, Arroz Integral, Arroz Blanco, Guisantes verdes, Salvado de Arroz, Harina de Pescado Blanco, Aceite de Canola (Conservado con Tocoferoles mixtos), Pulpa de Betabel, Linaza, Huevo, Manzanas, Arándanos, Zanahorias, Espinacas, Fibra de Arándano, Fibra de Arándano Ácido, DL-Metionina , L-Lisina, Taurina, Yuca, L-Carnitina, Beta-Caroteno, Vitaminas, Minerales,COMPONENTES Analíticos:,Proteína 22%, Grasa 12%, Ceniza 9,3%, Fibra 5,5%, Humedad 10%, Sodio 0,4%, Calcio 1,7%, Fósforo 1,2%. Kilocalorías / kg: 3,340,ADITIVOS (por kg):,Aditivos Nutricionales: Vitamina A 13.800 UI / kg, Vitamina D3 850 UI / kg, Vitamina C 35 mg / kg, Vitamina E (a-tocoferol) 100 UI / kg, Cobre (Sulfato de Cobre) 16,5 mg / kg, Omega - 6> 2,25%, omega-3> 1%, Metionina 0,6 mg / kg, Lisina 1,4 mg / kg, Taurina 0,06%, L-Carnitina 10 mg / kg, Betacaroteno 3 mg / kg.,TODOS NUESTROS PRODUCTOS TIENEN EL PRECIO REAL QUE ES EL PUBLICADO, SI ESTAN PUBLICADOS ES PORQUE HAY DISPONIBILIDAD.,POR FAVOR OFERTAR SI Y SOLO SI ESTA SEGURO/A DE COMPRAR EL PRODUCTO YA QUE SI ANULAMOS LA COMPRA CALIFICAMOS NEGATIVO Y BLOQUEAMOS AL COMPRADOR QUE NO CONCRETO DE MANERA IRREVERSIBLE, POR LO QUE NO PODRA OFERTAR MAS POR NINGUNO DE NUESTROS PRODUCTOS.,PARA EL RETIRO DE LOS PRODUCTOS EN NUESTRAS OFICINAS DE BOLEITA SUR SI USTED ES DE CARACAS, O PARA EL ENVIO DEBEN SER PREVIAMENTE PAGADOS SIN EXCEPCION.,NO HACEMOS ENTREGAS EN NINGUN SITIO DISTINTO A NUESTRAS INSTALACIONES POR SEGURIDAD,TRABAJAMOS CON BANESCO, TESORO Y PAGO MOVIL. AL OFERTAR SOLO ESPERAMOS 12 HORAS POR SU PAGO, DESPUES DE ESE TIEMPO SI EL PRODUCTO SE AGOTA O TIENE ALGUN INCREMENTO DE PRECIO NO NOS HACEMOS RESPONSABLES.,ATENCION SOLO DE LUNES A VIERNES DE 9 A 12 PM Y DE 2 A 5 PM,ENVIAMOS GRATIS A UNA OFICINA DE MRW O DOMESA DE SU LOCALIDAD,ITEM 73010",62,Alimento Perros Adulto Pro Pac Cordero Arroz Integral 12 Kg
Disponible cachorra MTB vacunada y desparasitadas tiene solo 3 meses de buena genética no adopción,60,Disponible Cachorra Mtb
"Cachorros de Boston terrier, nacidos el 16/06, un macho una hembra. Se entregan destetados, con tres dosis de vacuna de Sextuple, cuatro desparasitaciones, su tarjeta de control veterinario firmada y sellada, y se entregan con iniciación en hacer necesidades en periódico. Ref. 400 $.,Listos para la entrega. Primeras dos fotos hembra y tercera y cuarta foto macho.",20,Cachorros Boston Terrier
Linda Pinscher bebé con 3 dosis de desparasitante última hembra de la camada pregunté antes de ofertar,2,Vendo Pinscher Hembrita
