id,pregunta
[0],Unable to catch Google cloud storage exception
[1],Initialization order in constructor
[2],"422 Unprocessable Entity, when I send form data"
[3],How can you use the Deno.watchFs infinite async iterable without blocking?
[4],Add Parser Options to .eslintrc
[5],AVPlayerViewController Not fitting in view
[6],Why does my linked list crash when an element that doesn't exist gets removed?
[7],Mindtap Column Styles
[8],Play mp3 file esp8266 and SD card
[9],Why won't components included with the animation rigging package act a components?
[10],Downloaded files to AWS lambda with selenium doesn't appear on /tmp
[11],Kusto - Use .NET SDK to ingest stream data
[12],Error where trying to get the count of database query
[13],ASP.NET Core - How do I get my status code from my C# class to my TypeScript Client App?
[14],How do I add a master node to the same ElasticSearch cluster within one server?
[15],gnuplot - create line connecting pairs of points from file
[16],Heapsort with void pointer
[17],utcNow in Power Automate is using incorrect day (`dd`)
[18],How do I find the average value of scores in a dictionary? [duplicate]
[19],How to use Map object with observables?
[20],How to remove char from regex
[21],cannot read properties of undefined split
[22],THREE.js WebGlRenderer domElement getBoundingClientRect returns 0s in iframe
[23],Not being able to read statusCode when sending a request
[24],How do I loop a code under user input (2) and break the loop if they put in 1
[25],Django AssertionError: 404 != 200
[26],"Grouping by first key in a dict and apply calculations on values inside other keys values, python dict?"
[27],Segmentation Fault in C while loop to populate array
[28],Error : Could not determine the dependencies of task ':app:compileDebugJavaWithJavac' while running React Native Project
[29],I need to implement band pass filter using on eeg dataset using mne
[30],Python Pandas How to Pivot to get this display?
[31],How to create a nested json schema with Stream in Kafka
[32],Json.dump not showing values just keys
[33],Python tkinter how to get value from an entry box
[34],W3 Schools image slideshow more than once on a page
[35],D_xx: 1x5 distortion vector in Kitti calib_cam_to_cam.txt
[36],before install: CodeDeploy agent was not able to receive the lifecycle event. Check the CodeDeploy agent logs on your host and make sure the agent is
[37],How to code with public static void Main(String[] args)?
[38],Webhook receiver response
[39],TypeError: '<=' not supported between instances of 'str' and 'int' for list
[40],binding value to label in xamarin form
[41],Unable to query a view referenced from a table in a different schema in snowflake
[42],Javascript processes 200 response before server sends the 200
[43],Cannot access AWS Elastic Beanstalk environment variables in prisma schema.prisma
[44],How to filter column and then calculate means of the filtered column?
[45],C# LINQ to ElasticSearch Nest find duplicates in List
[46],How to create a static create method on a generic type?
[47],Scrapy: AttributeError: module 'OpenSSL.SSL'
[48],How to use the credentials returned by ExAws.STS.assume_role
[49],Plot interaction effect in sem model with observed variables in R
